Neighborhood,Zone
Belltown,Central
Broadmoor,Central
Capitol Hill,Central
Central District,Central
Denny-Blaine,Central
Downtown,Central
Eastlake,Central
First Hill,Central
International District,Central
Leschi,Central
Madison Park,Central
Madison Valley,Central
Madrona,Central
Montlake,Central
Pioneer Square,Central
South Lake Union,Central
Bryant,North East
Hawthorne Hills,North East
Lake City,North East
Laurelhurst,North East
Maple Leaf,North East
Matthews Beach,North East
Northgate,North East
Ravenna,North East
Roosevelt,North East
U-District,North East
View Ridge,North East
Wedgwood,North East
Windermere,North East
Ballard,North West
Blue Ridge/North Beach,North West
Broadview,North West
Crown Hill,North West
Fremont,North West
Green Lake,North West
Greenwood,North West
Haller Lake,North West
Loyal Heights,North West
Magnolia,North West
Phinney Ridge,North West
Queen Anne,North West
Wallingford,North West
Westlake,North West
Whittier Heights,North West
Beacon Hill,South
Columbia City,South
Georgetown,South
Mount Baker,South
Rainier Beach,South
Seward Park,South
South Park,South
Admiral,West
Alki,West
Fauntleroy,West
Junction,West
